{
    "mPhysicsTimeAccumulator": 0.014882581308484077,
    "mPhysicsTimeStep": 0.01666666753590107,
    "mPhysicsUpdateFrequency": 60,
    "mPositionIterations": 2,
    "mVelocityIterations": 6
}