{
    "mPhysicsTimeAccumulator": 0.0024631302803754807,
    "mPhysicsTimeStep": 0.01666666753590107,
    "mPhysicsUpdateFrequency": 60,
    "mPositionIterations": 2,
    "mVelocityIterations": 6
}