{
    "mPhysicsTimeAccumulator": 0.012188896536827087,
    "mPhysicsTimeStep": 0.01666666753590107,
    "mPhysicsUpdateFrequency": 60,
    "mPositionIterations": 2,
    "mVelocityIterations": 6
}